,garch,lstm_rv,lstm_vix
2,0.5,0.0,0.5
5,0.30000000000000004,0.0,0.7000000000000001
10,0.30000000000000004,0.0,0.7000000000000001
30,0.2,0.0,0.8
