Strategy,Total Return,Annualized Return,Annualized Vol,Sharpe Ratio,Max Drawdown,Alpha,Beta,Correlation
1. SPY Buy & Hold,14.474120390745819,0.08771243407316809,0.18692446004655847,0.46924000235881913,-0.595760175818532,0.0,1.0,1.0
2. SPY SMA(50) Trend,3.1162408472107828,0.04438747790421127,0.10823804557402628,0.41009127307138726,-0.42952770989151884,0.015272638978217873,0.3350025292211067,0.5785411826016349
3. SPY Trend + VIX Sizing,4.776549673500561,0.055307107153829804,0.1377082459761819,0.40162523864689814,-0.5210745816215748,0.020337831304442312,0.42336160747383034,0.5746688538548108
4. SPY Trend + Pred Sizing,4.594283085774692,0.05426908993902879,0.1381059256749201,0.3929526533623894,-0.5243003787370162,0.01925293721465186,0.42490065265660093,0.5750971559194205
5. VRP Unconditional,358516.6874571375,0.48078387647645937,0.2200212407334716,2.18517028116785,-0.984129710982959,0.4096110912757749,0.11192824828168278,0.09509139801350026
6. VRP VIX-Based,6.598237390212382,0.06422349556594309,0.21625715782356203,0.29697743285029754,-0.9829874927203744,0.08033775105001369,0.09016846667652127,0.07793819227239689
7. VRP Residual-Based,5262.838447568678,0.3008364121568594,0.0728943361977694,4.127020394844684,-0.39269806623004455,0.26356174087902917,0.02240614270196431,0.05745653701993628
