{
  "1. SPY Buy & Hold":{
    "Total Return":18.7860260995,
    "Annualized Return":0.0958890024,
    "Annualized Vol":0.165915019,
    "Sharpe Ratio":0.5779404599,
    "Max Drawdown":-0.5313050615,
    "Alpha":0.0,
    "Beta":1.0,
    "Correlation":1.0
  },
  "2. SPY SMA(50) Trend":{
    "Total Return":3.7007564115,
    "Annualized Return":0.0486224336,
    "Annualized Vol":0.1068416015,
    "Sharpe Ratio":0.4550889627,
    "Max Drawdown":-0.3490852539,
    "Alpha":0.0095498712,
    "Beta":0.4142763457,
    "Correlation":0.6433324358
  },
  "3. SPY Trend + VIX Sizing":{
    "Total Return":5.9039337436,
    "Annualized Return":0.0610596185,
    "Annualized Vol":0.1359300381,
    "Sharpe Ratio":0.4491988627,
    "Max Drawdown":-0.4070138748,
    "Alpha":0.0133791856,
    "Beta":0.5234815147,
    "Correlation":0.6389569713
  },
  "4. SPY Trend + Pred Sizing":{
    "Total Return":5.7694742898,
    "Annualized Return":0.0604196475,
    "Annualized Vol":0.1356518156,
    "Sharpe Ratio":0.4454024239,
    "Max Drawdown":-0.4072205193,
    "Alpha":0.012837257,
    "Beta":0.5225369426,
    "Correlation":0.6391121738
  },
  "5. VRP Unconditional":{
    "Total Return":6.325229423e+21,
    "Annualized Return":3.6640258876,
    "Annualized Vol":0.2200192919,
    "Sharpe Ratio":16.6532027953,
    "Max Drawdown":-0.4413016394,
    "Alpha":1.5577200699,
    "Beta":0.0966261398,
    "Correlation":0.0728651005
  },
  "6. VRP VIX-Based":{
    "Total Return":5033023230226.75390625,
    "Annualized Return":1.4526531772,
    "Annualized Vol":0.2141025091,
    "Sharpe Ratio":6.7848489176,
    "Max Drawdown":-0.4544854359,
    "Alpha":0.9157158725,
    "Beta":0.0473495851,
    "Correlation":0.0366927382
  },
  "7. VRP Residual-Based":{
    "Total Return":4771638856.9338512421,
    "Annualized Return":0.9810656657,
    "Annualized Vol":0.1674052052,
    "Sharpe Ratio":5.8604250965,
    "Max Drawdown":-0.2567954091,
    "Alpha":0.6965420146,
    "Beta":0.0126176582,
    "Correlation":0.01250534
  }
}