Strategy,Total Return,Annualized Return,Annualized Vol,Sharpe Ratio,Max Drawdown,Alpha,Beta,Correlation
1. SPY Buy & Hold,18.786026099506987,0.09588900238478604,0.1659150189877052,0.5779404599404693,-0.5313050615117477,0.0,1.0,1.0
2. SPY SMA(50) Trend,3.7007564115083698,0.04862243362537222,0.10684160154612524,0.4550889627424869,-0.3490852538732823,0.009549871234495112,0.4142763457017572,0.6433324357608993
3. SPY Trend + VIX Sizing,5.903933743581316,0.06105961851817132,0.1359300380944884,0.44919886269528775,-0.40701387475475403,0.013379185598745834,0.5234815146586296,0.6389569712613865
4. SPY Trend + Pred Sizing,5.769474289833993,0.060419647481441796,0.1356518156049467,0.44540242393363527,-0.4072205193255491,0.012837256967024696,0.5225369425976957,0.6391121738123839
5. VRP Unconditional,6.325229423010131e+21,3.664025887627089,0.22001929194413436,16.653202795314108,-0.4413016393672369,1.5577200699185265,0.09662613981811981,0.07286510051447065
6. VRP VIX-Based,5033023230226.754,1.4526531771873907,0.21410250910839762,6.7848489176365945,-0.45448543587479817,0.9157158725100781,0.04734958506298772,0.036692738153798
7. VRP Residual-Based,4771638856.933851,0.9810656656940857,0.1674052051756937,5.860425096486372,-0.2567954090640491,0.6965420145603204,0.01261765820692246,0.01250533995513942
