{
    "train_rmse": 0.15251034739252006,
    "train_mae": 0.11723381042797891,
    "val_rmse": 0.11062009043369278,
    "val_mae": 0.07753000826374704,
    "test_rmse": 0.1592515751200838,
    "test_mae": 0.12383065423884926
}