{
    "train_rmse": 0.09366274857978674,
    "train_mae": 0.06841192576834419,
    "val_rmse": 0.07540314584984566,
    "val_mae": 0.05659490959689425,
    "test_rmse": 0.10561399552714473,
    "test_mae": 0.07068617423570016
}