{
    "train_rmse": 0.12907371786865227,
    "train_mae": 0.09351037402216643,
    "val_rmse": 0.09684246986013828,
    "val_mae": 0.07301942975951724,
    "test_rmse": 0.14920660823044646,
    "test_mae": 0.1008630776432373
}