{
    "train_rmse": 0.10374287719154925,
    "train_mae": 0.06847308284237777,
    "val_rmse": 0.07573745606062623,
    "val_mae": 0.048507847038891216,
    "test_rmse": 0.1001315428522779,
    "test_mae": 0.06612914108258056
}