{
    "train_rmse": 0.07815597630199325,
    "train_mae": 0.05819908052023862,
    "val_rmse": 0.06520755893478199,
    "val_mae": 0.0434064848848091,
    "test_rmse": 0.07604014121376236,
    "test_mae": 0.05795315809716272
}