{
    "train_rmse": 0.09095237037982881,
    "train_mae": 0.06624891403918269,
    "val_rmse": 0.07492750036310028,
    "val_mae": 0.04868459174210521,
    "test_rmse": 0.08894916553174481,
    "test_mae": 0.06523311799472604
}