{
    "train_rmse": 0.1391078549110567,
    "train_mae": 0.08531532547970451,
    "val_rmse": 0.09636338767307545,
    "val_mae": 0.056952396904453605,
    "test_rmse": 0.12934738768508766,
    "test_mae": 0.08222025880251194
}