{
    "train_rmse": 0.09912512131565723,
    "train_mae": 0.06493205851016681,
    "val_rmse": 0.0709420664740663,
    "val_mae": 0.04512363530685364,
    "test_rmse": 0.09264085617429059,
    "test_mae": 0.062357078227568384
}