{
    "train_rmse": 0.1292938212584758,
    "train_mae": 0.08153045020401456,
    "val_rmse": 0.09025299732147261,
    "val_mae": 0.05504074251684115,
    "test_rmse": 0.1204101629657484,
    "test_mae": 0.07871672669998304
}