{
    "train_rmse": 0.15025005848541098,
    "train_mae": 0.1257430058868736,
    "val_rmse": 0.10792808013185042,
    "val_mae": 0.08325442809733397,
    "test_rmse": 0.1570985204855274,
    "test_mae": 0.1320466092457131
}