{
    "train_rmse": 0.08257440557487589,
    "train_mae": 0.05715425703004395,
    "val_rmse": 0.06864457927763916,
    "val_mae": 0.05221210863869857,
    "test_rmse": 0.10659694300553756,
    "test_mae": 0.06787776921243592
}