{
    "train_rmse": 0.07061254089578255,
    "train_mae": 0.049789067216907325,
    "val_rmse": 0.06159608048499693,
    "val_mae": 0.04649076647007482,
    "test_rmse": 0.0893148664972234,
    "test_mae": 0.0555157559183325
}