{
    "train_rmse": 0.05988230081390319,
    "train_mae": 0.04498897029745604,
    "val_rmse": 0.05824857252609087,
    "val_mae": 0.03900722682550239,
    "test_rmse": 0.06113596643412746,
    "test_mae": 0.04550782010507313
}