{
    "train_rmse": 0.05613637109319488,
    "train_mae": 0.04138679685253296,
    "val_rmse": 0.0530329067572162,
    "val_mae": 0.03481331065324458,
    "test_rmse": 0.05616852288656454,
    "test_mae": 0.04340030256913872
}