{
    "train_rmse": 0.08001274096209951,
    "train_mae": 0.05213501167801023,
    "val_rmse": 0.061055053884256916,
    "val_mae": 0.039728589273146465,
    "test_rmse": 0.07984655408212828,
    "test_mae": 0.05546274013219509
}