{
    "train_rmse": 0.0791899329922129,
    "train_mae": 0.05164580749969878,
    "val_rmse": 0.062420183658378224,
    "val_mae": 0.039972730269094946,
    "test_rmse": 0.08056403941338575,
    "test_mae": 0.051910464935355775
}