{
    "train_rmse": 0.07195779984999642,
    "train_mae": 0.04613487669674354,
    "val_rmse": 0.05536354318727508,
    "val_mae": 0.03589631038963299,
    "test_rmse": 0.07066093202614535,
    "test_mae": 0.04771343609287491
}