{
    "train_rmse": 0.08601367418356824,
    "train_mae": 0.05576786229413259,
    "val_rmse": 0.06883382610760827,
    "val_mae": 0.044695052947547276,
    "test_rmse": 0.09188334610453384,
    "test_mae": 0.059959331877638786
}