{
    "train_rmse": 0.06478123098213187,
    "train_mae": 0.0444329402315802,
    "val_rmse": 0.05987887078298719,
    "val_mae": 0.046299524166459646,
    "test_rmse": 0.089052699900672,
    "test_mae": 0.05359162164165172
}