{
    "train_rmse": 0.14798168308808524,
    "train_mae": 0.1273826946200226,
    "val_rmse": 0.10499202823430079,
    "val_mae": 0.08440118912681258,
    "test_rmse": 0.15493905001523933,
    "test_mae": 0.13398007969991174
}