{
    "train_rmse": 0.07025431270896758,
    "train_mae": 0.047850149425172114,
    "val_rmse": 0.06339494192007965,
    "val_mae": 0.04941147423168432,
    "test_rmse": 0.10237143230355757,
    "test_mae": 0.06332921359626227
}