{
    "train_rmse": 0.06884796853231491,
    "train_mae": 0.04338048028017807,
    "val_rmse": 0.05751336377342613,
    "val_mae": 0.040913628142132695,
    "test_rmse": 0.07253206297573123,
    "test_mae": 0.047593955930074705
}