{
    "train_rmse": 0.0683128727429562,
    "train_mae": 0.04316552335861193,
    "val_rmse": 0.05577532276079048,
    "val_mae": 0.03738127812154056,
    "test_rmse": 0.07103732954705765,
    "test_mae": 0.04748538200187805
}