{
    "train_rmse": 0.052966223522284396,
    "train_mae": 0.03857602992772659,
    "val_rmse": 0.05354231513117177,
    "val_mae": 0.03815111624430545,
    "test_rmse": 0.05433745875989975,
    "test_mae": 0.04035550537638064
}