{
    "train_rmse": 0.07253266482773316,
    "train_mae": 0.04567734748569577,
    "val_rmse": 0.062320424981348356,
    "val_mae": 0.04455583778390062,
    "test_rmse": 0.07807865795527899,
    "test_mae": 0.051351505944370164
}