{
    "train_rmse": 0.0662895549823695,
    "train_mae": 0.040626541746459806,
    "val_rmse": 0.05176377933804281,
    "val_mae": 0.03389222194663559,
    "test_rmse": 0.06731101830276717,
    "test_mae": 0.04396530476240529
}