{
    "train_rmse": 0.04863834795307784,
    "train_mae": 0.03531839323132606,
    "val_rmse": 0.04868619932926282,
    "val_mae": 0.03225009994295047,
    "test_rmse": 0.05019094475570506,
    "test_mae": 0.03798059893251149
}