{
    "train_rmse": 0.0687517513954775,
    "train_mae": 0.04639126111955252,
    "val_rmse": 0.060105268602401514,
    "val_mae": 0.050186978878911145,
    "test_rmse": 0.11324840748001049,
    "test_mae": 0.06278251798662378
}