{
    "train_rmse": 0.06711473736963237,
    "train_mae": 0.03865331581275271,
    "val_rmse": 0.04975628766098489,
    "val_mae": 0.036115644795432104,
    "test_rmse": 0.06264246828148409,
    "test_mae": 0.04240669962915785
}