{
    "train_rmse": 0.06966670814877922,
    "train_mae": 0.04122158998794689,
    "val_rmse": 0.05757151276025597,
    "val_mae": 0.04576231492356785,
    "test_rmse": 0.07195340639999293,
    "test_mae": 0.04786030711551975
}